Workbook

Sheet RawData
A1: 시행년도 | B1: 시행사 구분 | C1: 권역구 구분
A2: 2026 | B2: 새서울철도㈜ | C2: 강남구
A4: 순번 | B4: 조사측선명 | C4: 손상구분번호 | D4: 침하(mm) | E4: 균열 | F4: 습윤 | G4: 노후도(년) | H4: 지반침하발생이력 | I4: 침하점수 | J4: 균열점수 | K4: 습윤점수 | L4: 노후도점수 | M4: 보수보강이력 | N4: 평가점수 | O4: 평가등급 | P4: 조사자의견 | Q4: 인접지번주소 | R4: 조사위치도 | S4: 부가정보1 | T4: 부가정보2
A5: 26-01 | B5: 강남대로 | C5: 26-강남구-01 | D5: 양호 | E5: 거북등 | F5: 양호 | G5: 4 | H5: - | I5: 0 | J5: 3 | K5: 0 | L5: 0 | M5: 0 | N5: 3 | O5: 일반 | P5: - | Q5: 신사동501 | S5: 신사역 #6번출구 앞도로(강남대로616)
A6: 26-02 | B6: 강남대로 | C6: 26-강남구-02 | D6: 양호 | E6: 거북등 | F6: 양호 | G6: 4 | H6: - | I6: 0 | J6: 3 | K6: 0 | L6: 0 | M6: 0 | N6: 3 | O6: 일반 | P6: - | Q6: 논현동1 | S6: 삼주빌딩 앞도로(강남대로606)
A7: 26-03 | B7: 강남대로 | C7: 26-강남구-03 | D7: 양호 | E7: 거북등 | F7: 양호 | G7: 4 | H7: - | I7: 0 | J7: 3 | K7: 0 | L7: 0 | M7: 0 | N7: 3 | O7: 일반 | P7: - | Q7: 논현동17-4 | S7: 보림빌딩 청기와타운_신사점 앞도로(강남대로598)
A8: 26-04 | B8: 강남대로 | C8: 26-강남구-04 | D8: 양호 | E8: 거북등 | F8: 양호 | G8: 4 | H8: - | I8: 0 | J8: 3 | K8: 0 | L8: 0 | M8: 0 | N8: 3 | O8: 일반 | P8: - | Q8: 논현동18-3 | S8: 제이빌딩 NHN벅스 앞도로(강남대로586)
A9: 26-05 | B9: 강남대로 | C9: 26-강남구-05 | D9: 양호 | E9: 거북등 | F9: 양호 | G9: 4 | H9: - | I9: 0 | J9: 3 | K9: 0 | L9: 0 | M9: 0 | N9: 3 | O9: 일반 | P9: - | Q9: 논현동19 | S9: 기아_강남영동지점 앞도로(강남대로580)
A10: 26-06 | B10: 강남대로 | C10: 26-강남구-06 | D10: 양호 | E10: 거북등 | F10: 양호 | G10: 4 | H10: - | I10: 0 | J10: 3 | K10: 0 | L10: 0 | M10: 0 | N10: 3 | O10: 일반 | P10: - | Q10: 논현동19-7 | S10: 전기공사공제조합회관 앞도로(강남대로574)
A11: 26-07 | B11: 강남대로 | C11: 26-강남구-07 | D11: 양호 | E11: 거북등 | F11: 양호 | G11: 4 | H11: - | I11: 0 | J11: 3 | K11: 0 | L11: 0 | M11: 0 | N11: 3 | O11: 일반 | P11: - | Q11: 논현동49 | S11: 선양빌딩 앞 도로(강남대로570)
A12: 26-08 | B12: 강남대로 | C12: 26-강남구-08 | D12: 양호 | E12: 거북등 | F12: 양호 | G12: 4 | H12: - | I12: 0 | J12: 3 | K12: 0 | L12: 0 | M12: 0 | N12: 3 | O12: 일반 | P12: - | Q12: 논현동49-4 | S12: 신영와코루빌딩 앞 도로(강남대로566)
A13: 26-09 | B13: 강남대로 | C13: 26-강남구-09 | D13: 양호 | E13: 거북등 | F13: 양호 | G13: 4 | H13: - | I13: 0 | J13: 3 | K13: 0 | L13: 0 | M13: 0 | N13: 3 | O13: 일반 | P13: - | Q13: 논현동49-17 | S13: 강남빌딩 앞 도로(감남대로562)
A14: 26-10 | B14: 강남대로 | C14: 26-강남구-10 | D14: 양호 | E14: 종균열 | F14: 양호 | G14: 4 | H14: - | I14: 0 | J14: 1 | K14: 0 | L14: 0 | M14: 0 | N14: 1 | O14: 일반 | P14: - | Q14: 논현동143 | S14: 신성빌딩 파리바게트 앞도로(강남대로532)
A15: 26-11 | B15: 강남대로 | C15: 26-강남구-11 | D15: 양호 | E15: 거북등 | F15: 양호 | G15: 4 | H15: - | I15: 0 | J15: 3 | K15: 0 | L15: 0 | M15: 0 | N15: 3 | O15: 일반 | P15: - | Q15: 논현동164 | S15: 영동빌딩 광성약국 앞도로(강남대로520)
A16: 26-12 | B16: 강남대로 | C16: 26-강남구-12 | D16: 양호 | E16: 거북등 | F16: 양호 | G16: 4 | H16: - | I16: 0 | J16: 3 | K16: 0 | L16: 0 | M16: 0 | N16: 3 | O16: 일반 | P16: - | Q16: 논현동164-11 | S16: 광명빌딩 정관장 앞도로(강남대로506)
... A28: 26-24 | B28: 강남대로 | C28: 26-강남구-24 | D28: 양호 | E28: 거북등 | F28: 양호 | G28: 4 | H28: - | I28: 0 | J28: 3 | K28: 0 | L28: 0 | M28: 0 | N28: 3 | O28: 일반 | P28: - | Q28: 역삼동816-2 | S28: 역삼빌딩 조앤조의원 앞 도로(강남대로420)

Sheet V2
A2: ○ 육안조사 결과표
A4: 광역시도명 | C4: 서군구명 | E4: 대상시설명 | G4: 조사기간 | J4: 시설물관리자 | M4: 조사자
A5: 서울시 | C5: =RawData!C2 -> 강남구 | E5: 신분당선 | G5: 2026-03-17~2026-05-27 | J5: =RawData!B2 -> 새서울철도㈜ | M5: 기술참여자 명단 참조
A7: 순번 | B7: 조사측선명 | C7: 손상구분번호 | D7: 조사결과 | I7: 평가항목별 점수 | N7: 평가점수 | O7: 평가등급 | P7: 조사자 의견
D8: 침하(mm) | E8: 균열 | F8: 습윤 | G8: 노후도(년) | H8: 지반침하 발생 등의 이력1) (1년 이내) | I8: 침하 | J8: 균열 | K8: 습윤 | L8: 노후도 | M8: 보수보강이력
A9: =RIGHT(RawData!A5,2) -> 01 | B9: =RawData!B5 -> 강남대로 | C9: =RawData!C5 -> 26-강남구-01 | D9: =RawData!D5 -> 양호 | E9: =RawData!E5 -> 거북등 | F9: =RawData!F5 -> 양호 | G9: =RawData!G5 -> 4 | H9: =RawData!H5 -> - | I9: =IF(D9="양호",0,IF(D9="보통",3,IF(D9="불량",9))) -> 0 | J9: =IF(E9="거북등",3,IF(RIGHT(E9,2)="균열",1,IF(E9="-",0))) -> 3 | K9: =IF(F9="유출",9,IF(F9="습윤",1,IF(F9="양호",0,IF(F9="건조",0)))) -> 0 | L9: =IF(G9>=30,2,IF(G9>=10,1,0)) -> 0 | M9: =IF(H9="-",0,1) -> 0 | N9: =SUM(I9:M9) -> 3 | O9: =IF(N9<6,"일반",IF(N9<9,"우선",IF(N9>=9,"긴급"))) -> 일반 | P9: =RawData!P5 -> -
A10: =RIGHT(RawData!A6,2) -> 02 | B10: =RawData!B6 -> 강남대로 | C10: =RawData!C6 -> 26-강남구-02 | D10: =RawData!D6 -> 양호 | E10: =RawData!E6 -> 거북등 | F10: =RawData!F6 -> 양호 | G10: =RawData!G6 -> 4 | H10: =RawData!H6 -> - | I10: =IF(D10="양호",0,IF(D10="보통",3,IF(D10="불량",9))) -> 0 | J10: =IF(E10="거북등",3,IF(RIGHT(E10,2)="균열",1,IF(E10="-",0))) -> 3 | K10: =IF(F10="유출",9,IF(F10="습윤",1,IF(F10="양호",0,IF(F10="건조",0)))) -> 0 | L10: =IF(G10>=30,2,IF(G10>=10,1,0)) -> 0 | M10: =IF(H10="-",0,1) -> 0 | N10: =SUM(I10:M10) -> 3 | O10: =IF(N10<6,"일반",IF(N10<9,"우선",IF(N10>=9,"긴급"))) -> 일반 | P10: =RawData!P6 -> -
A11: =RIGHT(RawData!A7,2) -> 03 | B11: =RawData!B7 -> 강남대로 | C11: =RawData!C7 -> 26-강남구-03 | D11: =RawData!D7 -> 양호 | E11: =RawData!E7 -> 거북등 | F11: =RawData!F7 -> 양호 | G11: =RawData!G7 -> 4 | H11: =RawData!H7 -> - | I11: =IF(D11="양호",0,IF(D11="보통",3,IF(D11="불량",9))) -> 0 | J11: =IF(E11="거북등",3,IF(RIGHT(E11,2)="균열",1,IF(E11="-",0))) -> 3 | K11: =IF(F11="유출",9,IF(F11="습윤",1,IF(F11="양호",0,IF(F11="건조",0)))) -> 0 | L11: =IF(G11>=30,2,IF(G11>=10,1,0)) -> 0 | M11: =IF(H11="-",0,1) -> 0 | N11: =SUM(I11:M11) -> 3 | O11: =IF(N11<6,"일반",IF(N11<9,"우선",IF(N11>=9,"긴급"))) -> 일반 | P11: =RawData!P7 -> -
A12: =RIGHT(RawData!A8,2) -> 04 | B12: =RawData!B8 -> 강남대로 | C12: =RawData!C8 -> 26-강남구-04 | D12: =RawData!D8 -> 양호 | E12: =RawData!E8 -> 거북등 | F12: =RawData!F8 -> 양호 | G12: =RawData!G8 -> 4 | H12: =RawData!H8 -> - | I12: =IF(D12="양호",0,IF(D12="보통",3,IF(D12="불량",9))) -> 0 | J12: =IF(E12="거북등",3,IF(RIGHT(E12,2)="균열",1,IF(E12="-",0))) -> 3 | K12: =IF(F12="유출",9,IF(F12="습윤",1,IF(F12="양호",0,IF(F12="건조",0)))) -> 0 | L12: =IF(G12>=30,2,IF(G12>=10,1,0)) -> 0 | M12: =IF(H12="-",0,1) -> 0 | N12: =SUM(I12:M12) -> 3 | O12: =IF(N12<6,"일반",IF(N12<9,"우선",IF(N12>=9,"긴급"))) -> 일반 | P12: =RawData!P8 -> -
A13: =RIGHT(RawData!A9,2) -> 05 | B13: =RawData!B9 -> 강남대로 | C13: =RawData!C9 -> 26-강남구-05 | D13: =RawData!D9 -> 양호 | E13: =RawData!E9 -> 거북등 | F13: =RawData!F9 -> 양호 | G13: =RawData!G9 -> 4 | H13: =RawData!H9 -> - | I13: =IF(D13="양호",0,IF(D13="보통",3,IF(D13="불량",9))) -> 0 | J13: =IF(E13="거북등",3,IF(RIGHT(E13,2)="균열",1,IF(E13="-",0))) -> 3 | K13: =IF(F13="유출",9,IF(F13="습윤",1,IF(F13="양호",0,IF(F13="건조",0)))) -> 0 | L13: =IF(G13>=30,2,IF(G13>=10,1,0)) -> 0 | M13: =IF(H13="-",0,1) -> 0 | N13: =SUM(I13:M13) -> 3 | O13: =IF(N13<6,"일반",IF(N13<9,"우선",IF(N13>=9,"긴급"))) -> 일반 | P13: =RawData!P9 -> -
A14: =RIGHT(RawData!A10,2) -> 06 | B14: =RawData!B10 -> 강남대로 | C14: =RawData!C10 -> 26-강남구-06 | D14: =RawData!D10 -> 양호 | E14: =RawData!E10 -> 거북등 | F14: =RawData!F10 -> 양호 | G14: =RawData!G10 -> 4 | H14: =RawData!H10 -> - | I14: =IF(D14="양호",0,IF(D14="보통",3,IF(D14="불량",9))) -> 0 | J14: =IF(E14="거북등",3,IF(RIGHT(E14,2)="균열",1,IF(E14="-",0))) -> 3 | K14: =IF(F14="유출",9,IF(F14="습윤",1,IF(F14="양호",0,IF(F14="건조",0)))) -> 0 | L14: =IF(G14>=30,2,IF(G14>=10,1,0)) -> 0 | M14: =IF(H14="-",0,1) -> 0 | N14: =SUM(I14:M14) -> 3 | O14: =IF(N14<6,"일반",IF(N14<9,"우선",IF(N14>=9,"긴급"))) -> 일반 | P14: =RawData!P10 -> -
A15: =RIGHT(RawData!A11,2) -> 07 | B15: =RawData!B11 -> 강남대로 | C15: =RawData!C11 -> 26-강남구-07 | D15: =RawData!D11 -> 양호 | E15: =RawData!E11 -> 거북등 | F15: =RawData!F11 -> 양호 | G15: =RawData!G11 -> 4 | H15: =RawData!H11 -> - | I15: =IF(D15="양호",0,IF(D15="보통",3,IF(D15="불량",9))) -> 0 | J15: =IF(E15="거북등",3,IF(RIGHT(E15,2)="균열",1,IF(E15="-",0))) -> 3 | K15: =IF(F15="유출",9,IF(F15="습윤",1,IF(F15="양호",0,IF(F15="건조",0)))) -> 0 | L15: =IF(G15>=30,2,IF(G15>=10,1,0)) -> 0 | M15: =IF(H15="-",0,1) -> 0 | N15: =SUM(I15:M15) -> 3 | O15: =IF(N15<6,"일반",IF(N15<9,"우선",IF(N15>=9,"긴급"))) -> 일반 | P15: =RawData!P11 -> -
A16: =RIGHT(RawData!A12,2) -> 08 | B16: =RawData!B12 -> 강남대로 | C16: =RawData!C12 -> 26-강남구-08 | D16: =RawData!D12 -> 양호 | E16: =RawData!E12 -> 거북등 | F16: =RawData!F12 -> 양호 | G16: =RawData!G12 -> 4 | H16: =RawData!H12 -> - | I16: =IF(D16="양호",0,IF(D16="보통",3,IF(D16="불량",9))) -> 0 | J16: =IF(E16="거북등",3,IF(RIGHT(E16,2)="균열",1,IF(E16="-",0))) -> 3 | K16: =IF(F16="유출",9,IF(F16="습윤",1,IF(F16="양호",0,IF(F16="건조",0)))) -> 0 | L16: =IF(G16>=30,2,IF(G16>=10,1,0)) -> 0 | M16: =IF(H16="-",0,1) -> 0 | N16: =SUM(I16:M16) -> 3 | O16: =IF(N16<6,"일반",IF(N16<9,"우선",IF(N16>=9,"긴급"))) -> 일반 | P16: =RawData!P12 -> -
A17: =RIGHT(RawData!A13,2) -> 09 | B17: =RawData!B13 -> 강남대로 | C17: =RawData!C13 -> 26-강남구-09 | D17: =RawData!D13 -> 양호 | E17: =RawData!E13 -> 거북등 | F17: =RawData!F13 -> 양호 | G17: =RawData!G13 -> 4 | H17: =RawData!H13 -> - | I17: =IF(D17="양호",0,IF(D17="보통",3,IF(D17="불량",9))) -> 0 | J17: =IF(E17="거북등",3,IF(RIGHT(E17,2)="균열",1,IF(E17="-",0))) -> 3 | K17: =IF(F17="유출",9,IF(F17="습윤",1,IF(F17="양호",0,IF(F17="건조",0)))) -> 0 | L17: =IF(G17>=30,2,IF(G17>=10,1,0)) -> 0 | M17: =IF(H17="-",0,1) -> 0 | N17: =SUM(I17:M17) -> 3 | O17: =IF(N17<6,"일반",IF(N17<9,"우선",IF(N17>=9,"긴급"))) -> 일반 | P17: =RawData!P13 -> -
A18: =RIGHT(RawData!A14,2) -> 10 | B18: =RawData!B14 -> 강남대로 | C18: =RawData!C14 -> 26-강남구-10 | D18: =RawData!D14 -> 양호 | E18: =RawData!E14 -> 종균열 | F18: =RawData!F14 -> 양호 | G18: =RawData!G14 -> 4 | H18: =RawData!H14 -> - | I18: =IF(D18="양호",0,IF(D18="보통",3,IF(D18="불량",9))) -> 0 | J18: =IF(E18="거북등",3,IF(RIGHT(E18,2)="균열",1,IF(E18="-",0))) -> 1 | K18: =IF(F18="유출",9,IF(F18="습윤",1,IF(F18="양호",0,IF(F18="건조",0)))) -> 0 | L18: =IF(G18>=30,2,IF(G18>=10,1,0)) -> 0 | M18: =IF(H18="-",0,1) -> 0 | N18: =SUM(I18:M18) -> 1 | O18: =IF(N18<6,"일반",IF(N18<9,"우선",IF(N18>=9,"긴급"))) -> 일반 | P18: =RawData!P14 -> -
A19: =RIGHT(RawData!A15,2) -> 11 | B19: =RawData!B15 -> 강남대로 | C19: =RawData!C15 -> 26-강남구-11 | D19: =RawData!D15 -> 양호 | E19: =RawData!E15 -> 거북등 | F19: =RawData!F15 -> 양호 | G19: =RawData!G15 -> 4 | H19: =RawData!H15 -> - | I19: =IF(D19="양호",0,IF(D19="보통",3,IF(D19="불량",9))) -> 0 | J19: =IF(E19="거북등",3,IF(RIGHT(E19,2)="균열",1,IF(E19="-",0))) -> 3 | K19: =IF(F19="유출",9,IF(F19="습윤",1,IF(F19="양호",0,IF(F19="건조",0)))) -> 0 | L19: =IF(G19>=30,2,IF(G19>=10,1,0)) -> 0 | M19: =IF(H19="-",0,1) -> 0 | N19: =SUM(I19:M19) -> 3 | O19: =IF(N19<6,"일반",IF(N19<9,"우선",IF(N19>=9,"긴급"))) -> 일반 | P19: =RawData!P15 -> -
A20: =RIGHT(RawData!A16,2) -> 12 | B20: =RawData!B16 -> 강남대로 | C20: =RawData!C16 -> 26-강남구-12 | D20: =RawData!D16 -> 양호 | E20: =RawData!E16 -> 거북등 | F20: =RawData!F16 -> 양호 | G20: =RawData!G16 -> 4 | H20: =RawData!H16 -> - | I20: =IF(D20="양호",0,IF(D20="보통",3,IF(D20="불량",9))) -> 0 | J20: =IF(E20="거북등",3,IF(RIGHT(E20,2)="균열",1,IF(E20="-",0))) -> 3 | K20: =IF(F20="유출",9,IF(F20="습윤",1,IF(F20="양호",0,IF(F20="건조",0)))) -> 0 | L20: =IF(G20>=30,2,IF(G20>=10,1,0)) -> 0 | M20: =IF(H20="-",0,1) -> 0 | N20: =SUM(I20:M20) -> 3 | O20: =IF(N20<6,"일반",IF(N20<9,"우선",IF(N20>=9,"긴급"))) -> 일반 | P20: =RawData!P16 -> -
... A32: =RIGHT(RawData!A28,2) -> 24 | B32: =RawData!B28 -> 강남대로 | C32: =RawData!C28 -> 26-강남구-24 | D32: =RawData!D28 -> 양호 | E32: =RawData!E28 -> 거북등 | F32: =RawData!F28 -> 양호 | G32: =RawData!G28 -> 4 | H32: =RawData!H28 -> - | I32: =IF(D32="양호",0,IF(D32="보통",3,IF(D32="불량",9))) -> 0 | J32: =IF(E32="거북등",3,IF(RIGHT(E32,2)="균열",1,IF(E32="-",0))) -> 3 | K32: =IF(F32="유출",9,IF(F32="습윤",1,IF(F32="양호",0,IF(F32="건조",0)))) -> 0 | L32: =IF(G32>=30,2,IF(G32>=10,1,0)) -> 0 | M32: =IF(H32="-",0,1) -> 0 | N32: =SUM(I32:M32) -> 3 | O32: =IF(N32<6,"일반",IF(N32<9,"우선",IF(N32>=9,"긴급"))) -> 일반 | P32: =RawData!P28 -> -
